<?xml version="1.0" encoding="UTF-8"?>
<!DOCTYPE Change SYSTEM "http://ij.itk.org/itkfaq/ITKMigration.dtd">
<Change>
  <Title>
  Extract Image Filter ForceStrategy
  </Title>
  <!--
  ** English language description of what was changed and why
  **-->
  <Description>
  Disambiguate the behavior of the resulting image direction
  when collapsing to a lower dimensional image.
  </Description>

  <!--
  ** Sample code to illustrate the fix process
  **-->
  <SampleCode>
    <Old>
    <![CDATA[
    itk::ExtractImageFilter<ImageType>::Pointer myfilter=itk::ExtractImageFilter<ImageType>::New();
    ]]>
    </Old>

    <New>
    <![CDATA[
    itk::ExtractImageFilter<ImageType>::Pointer myfilter=itk::ExtractImageFilter<ImageType>::New();
#if  ITK_VERSION_MAJOR >=4
  myfilter->SetDirectionCollapseToSubmatrix(); //When collapsing from a list of properly defined phsycial spaces (i.e. collapsing on time in a 3D+time image)
  myfilter->SetDirectionCollapseToGuess(); //ITKv3 compatible, but not recommended
  myfilter->SetDirectionCollapseToIdentity(); //If you don't care about resulting image dimension
#endif
    ]]>
    </New>
  </SampleCode>

  <!--
  ** The asociated Gerrit entry for this API change
  **-->
  <Gerrit-ChangeId>
  I5e5f1cfc3efbc235ade2cd824f2f23ec40a4546c
  </Gerrit-ChangeId>

  <!--
  ** List of all files that were changed (might be automatically populated by
  ** git hook?)
  **-->
  <FileList>
    Code/BasicFilters/itkCropImageFilter.h
    Code/BasicFilters/itkExtractImageFilter.h
    Code/BasicFilters/itkExtractImageFilter.txx
    Code/Common/itkTestMain.h
    Code/IO/itkTestDriver.cxx
    Examples/IO/ImageReadExtractFilterInsertWrite.cxx
    Examples/IO/ImageReadExtractWrite.cxx
    Examples/IO/VisibleHumanStreamReadWrite.cxx
    Examples/Registration/ImageRegistration8.cxx
    Testing/Code/BasicFilters/itkExtractImageTest.cxx
    Testing/Code/BasicFilters/itkJoinSeriesImageFilterStreamingTest.cxx
    Testing/Code/BasicFilters/itkMaximumProjectionImageFilterTest2.cxx
    Testing/Code/BasicFilters/itkMaximumProjectionImageFilterTest3.cxx
    Testing/Code/IO/ImageCompare.cxx
    Testing/Code/IO/ImageCompareCommand.cxx
    Testing/Code/IO/itkImageFileReaderStreamingTest2.cxx
    Testing/Code/IO/itkImageFileWriterPastingTest2.cxx
    Testing/Code/IO/itkImageFileWriterStreamingPastingCompressingTest1.cxx
  </FileList>



  <!--
  ** Migration guide rules
  **-->
  <MigrationFix-Manual>
    <Old>
    ExtractImageFilter
    </Old>
    <New>
    Based on desired behavior, select the
    desired strategy for collapsing.
    </New>
  </MigrationFix-Manual>

</Change>
