<?xml version="1.0" encoding="UTF-8"?>
<!DOCTYPE Change SYSTEM "http://ij.itk.org/itkfaq/ITKMigration.dtd">

<!--**
**
** itkFastmarchingBaseModificationForPythonWrapping.xml
**
** Please, make sure this file validates the following w3c test before committing it: http://validator.w3.org
**-->
<Change>
    <!--**
    ** Title for the online migration page
    **-->
    <Title>
      itk Fastmarching Base Modification For Python Wrapping
    </Title>

    <!--**
    ** The author of the change
    **-->
    <Author>
      Alex Gouaillard
    </Author>

    <!--**
    ** Date of creation for the XML document
    **-->
    <Date>
      2011-11-28
    </Date>

    <!--**
    ** Plain text description of the change
    ** Extracted from git commit messages
    **-->
    <Description>
      <![CDATA[
      Using "None" as a variable name prevents python wrapping.
      ]]>
    </Description>

    <!--**
    ** Sample code snippets
    ** Extracted from git diff of changed files in Examples and Testing
    **-->
    <SampleCode>
      <Old>
        <![CDATA[
        myFastMarchingFilter->SetTopologyCheck( FastMarchingType::None );
        ]]>
      </Old>

      <New>
        <![CDATA[
        myFastMarchingFilter->SetTopologyCheck( FastMarchingType::Nothing );
        ]]>
      </New>

    </SampleCode>

    <!--**
    ** The change-ids for all commits in the topic branch
    **-->
    <Gerrit-ChangeId>
      Ide104cf5291d2ed0fd32820337eab64d563e2758
      I999dad8030ba992c116ac914ddf30ee709022cf1
    </Gerrit-ChangeId>

    <!--**
    ** List of all changed files from the topic branch
    **-->
    <FileList>
      Modules/Filtering/FastMarching/include/itkFastMarchingBase.h
      Modules/Filtering/FastMarching/include/itkFastMarchingBase.hxx
      Modules/Filtering/FastMarching/include/itkFastMarchingImageFilterBase.hxx
      Modules/Filtering/FastMarching/test/itkFastMarchingImageTopologicalTest.cxx
    </FileList>

    <!--**
    ** If the migration can be accomplished by a simple string
    ** substitution, then use the following construct to define
    ** the substitution rule.
    **
    ** <MigrationFix-Automatic>
    **   <Old>
    **     <![CDATA[None]]>
    **   </Old>
    **   <New>
    **     <![CDATA[Nothing]]>
    **   </New>
    ** </MigrationFix-Automatic>
    **-->

    <MigrationFix-Automatic>
      <Old>
        <![CDATA[None]]>
      </Old>
      <New>
        <![CDATA[Nothing]]>
      </New>
    </MigrationFix-Automatic>

    <!--**
    ** If the migration can NOT be accomplished by a simple string
    ** substitution, but potential problem spots can be identified,
    ** use the following construct to define a migration flag rule.
    **
    ** <MigrationFix-Manual>
    **   OldFunctionName
    ** </MigrationFix-Manual>
    **-->

</Change>
